,MC,HR,VT,Abadie
MC,1.0,0.6176165653001461,0.785157548146758,0.8689565341820394
HR,0.6176165653001461,1.0,0.8217787213410663,0.755886041297453
VT,0.785157548146758,0.8217787213410663,1.0,0.8141096418498234
Abadie,0.8689565341820396,0.7558860412974528,0.8141096418498234,0.9999999999999999
