,MC,HR,VT,Abadie
MC,1.0,0.6904239080987715,0.8648666941191652,0.414756776485743
HR,0.6904239080987715,0.9999999999999999,0.7153908718150661,0.24785474598219193
VT,0.8648666941191652,0.7153908718150661,1.0,0.45503164901127624
Abadie,0.41475677648574294,0.24785474598219193,0.45503164901127624,1.0
