,MC,HR,VT,Abadie
MC,1.0,0.8866282805912363,0.9036945511170591,0.8957904032988957
HR,0.8866282805912364,1.0,0.9435124135452054,0.9543516676588704
VT,0.9036945511170591,0.9435124135452055,0.9999999999999998,0.9358031778617443
Abadie,0.8957904032988956,0.9543516676588704,0.9358031778617443,1.0
