,MC,HR,VT,Abadie
MC,1.0,0.9623971232164175,0.9134789933489852,0.8857119730213027
HR,0.9623971232164175,1.0,0.8759396365628926,0.8566772960443126
VT,0.9134789933489852,0.8759396365628926,1.0,0.880070686503844
Abadie,0.8857119730213027,0.8566772960443126,0.880070686503844,0.9999999999999998
