,MC,HR,VT,Abadie
MC,1.0,0.9018591627901548,0.9153631491557706,0.9062756946888365
HR,0.9018591627901548,0.9999999999999999,0.9337333371488732,0.9339001671025673
VT,0.9153631491557706,0.9337333371488731,1.0,0.9376351641603481
Abadie,0.9062756946888365,0.9339001671025673,0.937635164160348,1.0
