,MC,HR,VT,Abadie
MC,1.0,0.7855736481780533,0.8754424203115093,0.9642019026331422
HR,0.7855736481780534,1.0,0.8217787213410663,0.755886041297453
VT,0.8754424203115093,0.8217787213410663,1.0,0.8141096418498234
Abadie,0.9642019026331422,0.7558860412974528,0.8141096418498234,0.9999999999999999
