,MC,HR,VT,Abadie
MC,1.0,0.9230250551615983,0.9626711173173018,0.9572396698348029
HR,0.9230250551615983,1.0,0.8942099488799614,0.9001734969525803
VT,0.9626711173173017,0.8942099488799614,1.0,0.9558443949669148
Abadie,0.9572396698348028,0.9001734969525803,0.9558443949669148,1.0
