,MC,HR,VT,Abadie
MC,1.0,0.9998619701840684,0.9998358147122743,0.9472329579471778
HR,0.9998619701840684,1.0,0.9997403487613578,0.9496985742002884
VT,0.9998358147122743,0.9997403487613576,1.0,0.9490363806769488
Abadie,0.9472329579471777,0.9496985742002882,0.9490363806769488,0.9999999999999999
