,MC,HR,VT,Abadie
MC,1.0,0.9998019319480443,0.9999373934776131,0.9963547608292622
HR,0.9998019319480442,1.0,0.9998661480235342,0.9963872844692157
VT,0.9999373934776131,0.9998661480235344,0.9999999999999998,0.996599225116786
Abadie,0.996354760829262,0.9963872844692155,0.996599225116786,0.9999999999999998
