,MC,HR,VT,Abadie
MC,1.0,0.8960587845027668,0.8577292897874395,0.87848244499435
HR,0.8960587845027669,0.9999999999999999,0.7444302268127146,0.9193380712562631
VT,0.8577292897874395,0.7444302268127146,1.0,0.785199995715026
Abadie,0.87848244499435,0.9193380712562631,0.785199995715026,1.0
